name,height,reach,age
David Velasquez,165,66,48
Lowell Anderson,167,66.5,45
Minoki Ichihara,170,67.5,50
Ben Earwood,172,68.5,47
Keith Mielke,172,68.5,42
David Lee,177,70,38
Keigo Kunihara,182,71,40
Asbel Cancio,177,71.5,48
Dwayne Cason,177,71.5,47
Marcelo Aguiar,177,71.5,45
Orlando Wiet,177,71.5,51
Paul Herrera,177,71.5,52
Scott Morris,182,71.5,55
Steve Jennum,177,71.5,53
Wes Albritton,177,71.5,50
Alex Hunter,175,71.7,50
Bob Cook,175,71.8,45
Josh Stewart,175,71.8,35
Roland Payne,175,71.8,52
Valeri Ignatov,175,71.9,48
Curt Warburton,182,73,35
Donnie Chappell,180,73.7,47
Onassis Parungao,180,73.7,52
Reza Nasri,180,73.7,49
Brad Gumm,180,73.8,42
Ernie Verdicia,177,73.8,54
Alberto Cerra Leon,172,74,49
David Hood,182,74,47
Johnny Rhodes,182,74,55
Sam Fulton,187,74.5,49
Joe Pardo,185,74.5,44
Steven Graham,185,74.6,55
Robert Lucarelli,187,75,53
Steve Judson,185,75.5,53
Jack Nilson,190,76,48
Ray Wizard,187,76,51
Saeed Hosseini,193,77,47
Stevie Lynch,177,77,46
Julian Sanchez,190,77,53
Rex Holman,190,78,42
Frank Hamaker,190,78,53
Courtney Turner,187,79,47
Marcus Silveira,190,80,55
Ryan Parker,190,80,51
Thaddeus Luster,190,80,53
Sage Northcutt,182,71,20
Claudio Puelles,180,71.5,20
Veronica Macedo,162,64,21
Cristina Stanciu,160,64,22
Paige VanZant,162,65,22
Larissa Pacheco,170,69,22
Arnold Allen,172,70,22
Jake Matthews,175,72,22
Ray Borg,162,63,23
Alexa Grasso,165,66,23
Matheus Nicolau,167,66,23
Sergio Pettis,167,69,23
Joe Gigliotti,180,69,23
Brandon Moreno,170,70,23
Martin Bravo,172,71,23
Chris Avila,177,72,23
Marc Diakiese,177,73,23
Clay Collard,180,73,23
Marvin Vettori,182,74,23
Luis Henrique,187,74,23
Luan Chagas,182,75,23
Ion Cutelaba,185,75,23
Rose Namajunas,165,65,24
Justin Scoggins,170,66,24
Leonardo Morales,172,68,24
Filip Pejic,172,70,24
Marlon Vera,172,70,24
Brett Johns,170,71,24
Lando Vannata,175,71,24
Marcin Held,175,71,24
Jason Knight,177,71,24
Jeremy Kennedy,180,71,24
Yair Rodriguez,180,71,24
Vernon Ramos,167,72,24
Taylor Lapilus,167,73,24
Jessin Ayari,182,73,24
Darren Till,182,74,24
Mickey Gall,187,74,24
Kevin Lee,175,77,24
Nikita Krylov,190,77,24
Jessica Andrade,154,62,25
Amanda Cooper,160,64,25
Yao Zhikui,165,64,25
Kailin Curran,162,65,25
Izabela Badurek,165,65,25
Bruno Korea,167,65,25
Cody Garbrandt,172,65,25
Maryna Moroz,170,67,25
Joby Sanchez,167,68,25
Zubaira Tukhugov,172,68,25
Ketlen Vieira,172,68,25
Louis Smolka,175,68,25
Teruto Ishihara,170,69,25
Brian Ortega,172,69,25
Diego Rivas,172,69,25
Max Holloway,180,69,25
Thomas Almeida,170,70,25
Mirsad Bektic,172,70,25
Michael McDonald,175,70,25
Dooho Choi,177,70,25
Islam Makhachev,177,70,25
Kelvin Gastelum,175,71,25
Michael Graves,177,71,25
Mike Perry,177,71,25
Cesar Arzamendia,180,71,25
Albert Morales,175,72,25
Warlley Alves,180,72,25
Albert Tumenov,180,73,25
Yuri Villefort,182,73,25
Tom Breese,190,73,25
Leon Edwards,182,74,25
An Ying Wang,182,74,25
Rodrigo de Lima,170,75,25
Vicente Luque,180,75,25
William Patolino,180,75,25
Sean Strickland,185,76,25
Glaico Franca,182,77,25
Andy Enz,190,78,25
Tyson Pedro,190,78,25
Curtis Blaydes,193,80,25
Alexandra Albu,157,62,26
Roldan Sangcha-an,162,65,26
Geane Herrera,165,66,26
Kyoji Horiguchi,165,66,26
Azamat Gashimov,167,66,26
John Lineker,160,67,26
Michinori Tanaka,165,67,26
Tatiana Suarez,165,67,26
Justin Lawrence,172,67,26
Alexis Dufresne,175,68,26
Jose Quinonez,172,69,26
Horacio Gutierrez,177,69,26
Damian Stasiak,165,70,26
Stevie Ray,177,70,26
Lukasz Sajewski,172,71,26
Christos Giagos,177,71,26
Zhang Lipeng,180,71,26
Alex Morono,180,72,26
Cody Pfister,177,73,26
Nah-Shon Burrell,180,73,26
Robert Whittaker,182,73,26
Andre Fili,180,74,26
Alvaro Herrera,182,74,26
Darren Stewart,182,74,26
Khalil Rountree,185,74,26
Jason Gonzalez,187,74,26
Dan Hooker,182,75,26
Devin Clark,182,75,26
Steve Montgomery,193,75,26
Will Chope,193,76,26
Viktor Pesta,190,77,26
Randy Brown,190,78,26
Antonio Carlos Junior,187,79,26
Alex Nicholson,193,81,26
Danielle Taylor,152,60,27
Tecia Torres,154,60,27
Milana Dudieva,160,61,27
Sheila Gaff,165,62,27
Bec Rawlings,167,64,27
Sirwan Kakai,165,66,27
Alejandro Perez,167,67,27
Yusuke Kasuya,170,67,27
Jimmie Rivera,162,68,27
Ryan Benoit,165,68,27
Ericka Almeida,167,68,27
Erik Perez,172,68,27
Levan Makashvili,172,68,27
Julianna Pena,167,69,27
Andy Ogle,172,69,27
Joaquim Silva,172,69,27
Kwan Ho Kwak,165,70,27
Enrique Barzola,170,70,27
Aaron Phillips,175,70,27
Olivier Aubin-Mercier,175,70,27
Sean Soriano,175,70,27
Leonardo Mafra,177,70,27
Marcin Bandel,177,70,27
Rick Glenn,182,70,27
Aljamain Sterling,170,71,27
Dustin Kimura,170,71,27
Brendan Loughnane,175,71,27
JC Cottrell,175,71,27
Jonavin Webb,177,71,27
Ulka Sasaki,177,71,27
Dustin Poirier,175,72,27
Juan Puig,175,72,27
Beneil Dariush,177,72,27
Johnny Case,177,72,27
Renato Moicano,180,72,27
Bryan Barberena,182,72,27
David Teymur,175,73,27
Ben Wall,177,73,27
Frankie Perez,180,73,27
Jack Marshman,182,73,27
Jordan Mein,182,73,27
Michael Kuiper,182,73,27
Pawel Pawlak,182,73,27
Tony Martin,182,73,27
Charles Oliveira,177,74,27
Alessio Di Chirico,182,74,27
Josh Shockley,185,74,27
Mike Rhodes,185,74,27
Niklas Backstrom,185,74,27
Marcio Alexandre Junior,182,75,27
Julian Erosa,185,75,27
Dhiego Lima,187,75,27
Rory MacDonald,182,76,27
Bradley Scott,185,76,27
Collin Hart,185,76,27
Henrique da Silva,190,76,27
Matt Dwyer,193,76,27
Krzysztof Jotko,185,77,27
Chase Sherman,193,78,27
Dominic Waters,185,79,27
Corey Anderson,190,79,27
Tina Lahdemaki,157,62,28
Claudia Gadelha,162,63,28
Justine Kish,165,64,28
Alex Volkanovski,167,64,28
Ben Nguyen,165,65,28
Dustin Ortiz,165,65,28
Jenel Lausa,165,65,28
Jianping Yang,170,65,28
Josh Ferguson,165,66,28
Valentina Shevchenko,165,67,28
Raquel Pennington,170,67,28
Roman Salazar,170,67,28
Sarah Moras,170,67,28
Jared Papazian,172,67,28
Katlyn Chookagian,175,68,28
Nolan Ticman,167,69,28
Amanda Nunes,172,69,28
Pat Schilling,172,69,28
Paddy Holohan,177,69,28
Anistavio Medeiros,167,70,28
Dashon Johnson,170,70,28
Joey Gambino,170,70,28
Drew Dober,172,70,28
Alex Torres,177,70,28
Erik Koch,177,70,28
Khabib Nurmagomedov,177,70,28
Dong Hyun Kim2,180,70,28
Gabriel Benitez,172,71,28
Magomed Mustafaev,172,71,28
Alan Omer,177,71,28
James Moontasri,177,71,28
Damon Jackson,180,71,28
Patrick Walsh,180,71,28
Alex White,182,71,28
Li Jingliang,182,71,28
David Michaud,175,72,28
Antonio Dos Santos,177,72,28
Makwan Amirkhani,177,72,28
Dan Lauzon,177,72,28
Jorge Lopez,177,72,28
Belal Muhammad,180,72,28
Colby Covington,180,72,28
Gunnar Nelson,180,72,28
Lucas Martins,182,72,28
Sabah Homasi,182,72,28
Felipe Arantes,172,73,28
Mairbek Taisumov,175,73,28
Alex Caceres,177,73,28
Joe Duffy,177,73,28
Myles Jury,177,73,28
Andreas Stahl,180,73,28
Lance Benoist,180,73,28
Paul Sass,182,73,28
Richard Walsh,182,73,28
Amilcar Alves,182,73,28
Andrew Sanchez,185,73,28
Tom Egan,180,73.9,28
Conor McGregor,175,74,28
Dominique Steele,177,74,28
Josh Grispi,180,74,28
Cody East,190,74,28
Ramsey Nijem,180,75,28
TJ Waldburger,180,75,28
Elias Theodorou,185,75,28
Ronny Markes,185,75,28
Scott Askham,190,75,28
Alex Oliveira,180,76,28
Bojan Velickovic,182,76,28
Jack Hermansson,185,77,28
Cory Hendricks,190,77,28
Anthony Smith,193,77,28
Luke Barnatt,198,77,28
Jake Collier,190,78,28
Dustin Jacoby,193,78,28
Josh Samman,190,79,28
Justin Ledet,193,80,28
Alexander Volkov,200,80,28
Stefan Struve,210,84,28
Seohee Ham,157,62,29
Carla Esparza,154,63,29
Aisling Daly,157,64,29
Henry Cejudo,162,64,29
Joanna Jedrzejczyk,167,65,29
Joe Soto,167,65,29
Rodolfo Rubio,165,66,29
Motonobu Tezuka,170,66,29
Darrell Montague,167,67,29
Jon Delos Reyes,167,67,29
Cortney Casey,170,67,29
Ashlee Evans-Smith,172,67,29
Diego Brandao,170,68,29
Mike Wilkinson,170,68,29
Nick Pace,170,68,29
Ronda Rousey,170,68,29
Chris Heatherly,175,68,29
Rocky Lee,175,68,29
Willamy Freire,172,68.5,29
Brendan O'Reilly,170,69,29
Matthew Lopez,170,69,29
Bruno Santos,175,69,29
Renan Barao,167,70,29
Kyle Bochniak,170,70,29
Willie Gates,172,70,29
Al Iaquinta,175,70,29
Tiago Trator,175,70,29
Marcin Wrzosek,175,70,29
Chris Wade,177,70,29
Darrell Horcher,177,70,29
Matt Hobar,177,70,29
Gadzhimurad Antigulov,180,70,29
Steven Siler,180,70,29
Renee Forte,170,71,29
Rob Font,172,71,29
Jimy Hettes,175,71,29
Piotr Hallmann,175,71,29
Cody Gibson,177,71,29
Thiago Perpetuo,177,71,29
Chris Holdsworth,180,71,29
Cameron Dollar,180,71,29
Colton Smith,182,71,29
Shane Campbell,182,71,29
Wagner Silva,182,71,29
Alex Garcia,175,72,29
Anthony Christodoulou,175,72,29
Kyung Ho Kang,175,72,29
Anthony Pettis,177,72,29
Chris Dempsey,177,72,29
Jordan Rinaldi,177,72,29
Thibault Gouti,177,72,29
Aaron Wilkinson,177,72,29
Anton Zafir,180,72,29
Cody McKenzie,182,72,29
Pascal Krauss,185,72,29
Teemu Packalen,185,72,29
Godofredo Pepey,170,73,29
Chris Indich,177,73,29
Lewis Gonzalez,177,73,29
Hector Urbina,180,73,29
Kazuki Tokudome,180,73,29
Mickael Lebout,180,73,29
Omari Akhmedov,182,73,29
Caio Magalhaes,185,73,29
Hans Stringer,190,73,29
Chan Sung Jung,170,74,29
Dustin Pague,175,74,29
Brad Tavares,185,74,29
Danny Roberts,185,74,29
Sean Spencer,177,75,29
Yancy Medeiros,177,75,29
Peter Sobotta,182,75,29
Cathal Pendred,185,75,29
John Hathaway,185,75,29
Michael Chiesa,185,75,29
Jonathan Wilson,187,75,29
Justin Wren,187,75,29
Jonathan Meunier,190,75,29
Kamaru Usman,182,76,29
Chris Spang,187,76,29
Adam Milstead,190,76,29
James Vick,190,76,29
TJ O'Brien,187,77,29
Antonio Braga Neto,190,77,29
Misha Cirkunov,190,77,29
Justin Jones,180,78,29
Oluwale Bamgbose,180,78,29
Alexander Gustafsson,195,79,29
Neil Magny,190,80,29
Jon Jones,193,84,29
Rin Nakai,154,60,30
Michelle Waterson,160,62,30
Hector Sandoval,157,64,30
Ian Entwistle,165,64,30
Pedro Munhoz,167,64,30
Alptekin Ozkilic,165,65,30
Elizabeth Phillips,167,65,30
Miesha Tate,167,65,30
Tateki Matsuda,170,65,30
Timothy Elliott,170,65,30
Artem Lobov,175,65,30
Demetrious Johnson,160,66,30
Pedro Nobre,165,66,30
Dennis Bermudez,167,66,30
Jessica Eye,167,66,30
Joseph Sandoval,170,66,30
TJ Dillashaw,167,67,30
Jumabieke Tuerxun,170,67,30
Royston Wee,170,67,30
Sam Sicilia,172,67,30
John Teixeira,170,68,30
John Albert,172,68,30
Mark Eddiva,172,68,30
Anthony Birchak,172,69,30
Chris Gruetzemacher,172,69,30
Marco Beltran,172,69,30
Chris Saunders,172,69,30
Charles Rosa,175,69,30
Junior Hernandez,175,69,30
Dustin Neace,175,69,30
Jose Aldo,170,70,30
Russell Doane,170,70,30
Nazareno Malegarie,172,70,30
Damir Hadzovic,175,70,30
Efrain Escudero,175,70,30
Will Campuzano,175,70,30
Masio Fullen,177,70,30
Paul Redmond,177,70,30
Tarec Saffiedine,177,70,30
Andrew Holbrook,180,70,30
Kurt Holobaugh,180,70,30
Norman Parke,180,70,30
Jeremy Stephens,172,71,30
Robert Peralta,172,71,30
Gregor Gillespie,175,71,30
Jim Alers,175,71,30
Bobby Green,177,71,30
Chad Laprise,177,71,30
Gilbert Burns,177,71,30
Mike Stumpf,177,71,30
Jake Lindsey,180,71,30
Mike de la Torre,180,71,30
Cale Yarbrough,185,71,30
Tommy Hayden,175,72,30
Will Brooks,177,72,30
Lorenz Larkin,180,72,30
Danny Downes,182,72,30
Elvis Mutapcic,182,72,30
Jimmy Quinlan,182,72,30
Sai Wang,182,72,30
Rustam Khabilov,172,73,30
Jason Young,175,73,30
Joey Gomez,177,73,30
Michael Johnson,177,73,30
Elias Silverio,180,73,30
Elizeu Zaleski dos Santos,180,73,30
Greg Soto,180,73,30
Jessamyn Duke,180,73,30
Joao Zeferino,180,73,30
Zak Ottow,180,73,30
Ryan McGillivray,180,73,30
Santiago Ponzinibbio,182,73,30
CJ Keith,182,73,30
Eric Spicely,185,73,30
Terry Etim,185,73,30
James Krause,187,73,30
Justin Martin,182,74,30
Cain Carrizosa,172,74,30
Enrique Marin,177,74,30
Roger Zapata,180,74,30
Guilherme Vasconcelos,182,74,30
Wagner Prado,182,74,30
Pat Audinwood,182,74,30
Matthew Riddle,185,74,30
Danny Mitchell,187,74,30
Edson Barboza,180,75,30
Bartosz Fabinski,182,75,30
Nico Musoke,182,75,30
Jon Manley,185,75,30
Michael McBride,185,75,30
Jared Rosholt,187,75,30
Sam Alvey,187,75,30
Steve Cantwell,187,75,30
Andrew Craig,185,76,30
Dustin Hazelett,185,76,30
Adlan Amagov,187,76,30
Chris Camozzi,187,76,30
Matt Van Buren,195,76,30
Mike Ricci,182,77,30
Clint Hester,187,77,30
Guto Inocente,190,77,30
Ruslan Magomedov,190,78,30
Tamdan McCrory,193,78,30
Christian Morecraft,198,81,30
Philip De Fries,195,82,30
Francis Ngannou,193,83,30
Randa Markos,162,63,31
Jocelyn Jones-Lybarger,170,63,31
Angela Hill,160,64,31
Nina Ansaroff,165,64,31
Karolina Kowalkiewicz,160,65,31
Ali Bagautinov,162,65,31
Wilson Reis,162,65,31
Joanne Calderwood,167,65,31
Shunichi Shimizu,165,66,31
Chad Mendes,167,66,31
Chico Camus,167,66,31
Jussier Formiga,165,67,31
Sarah Kaufman,165,67,31
Danny Martinez,167,67,31
Luke Sanders,167,67,31
Kelly Faszholz,172,67,31
Douglas Silva de Andrade,170,68,31
Cris Cyborg,172,68,31
Dominick Cruz,172,68,31
John Makdessi,172,68,31
Manuel Rodriguez,175,68,31
Chris Beal,170,69,31
Daniel Pineda,170,69,31
Davey Grant,172,69,31
Yosdenis Cedeno,172,69,31
Josh Emmett,167,70,31
Shinsho Anzai,170,70,31
Jesse Ronson,177,70,31
Tony Sims,180,70,31
Albert Cheng,180,70,31
Marcus Brimage,162,71,31
Jake Ellenberger,175,71,31
Ryan Hall,177,71,31
Takenori Sato,177,71,31
Besam Yousef,180,71,31
Jason Saggo,180,71,31
Daron Cruickshank,172,72,31
Felipe Olivieri,175,72,31
Joe Ellenberger,175,72,31
Leandro Silva,175,72,31
Joe Proctor,177,72,31
Chas Skelly,180,72,31
Martin Svensson,185,72,31
Abdul Razak Alhassan,177,73,31
Mitch Clarke,177,73,31
Brock Jardine,180,73,31
Bubba Bush,182,73,31
Erick Montano,182,73,31
Jonathan Brookins,182,73,31
Keith Berish,182,73,31
Valmir Lazaro,182,73,31
Diego Ferreira,175,74,31
Cyril Asker,182,74,31
Hernani Perpetuo,182,74,31
Lyman Good,182,74,31
Mark Holst,182,74,31
John Salter,185,74,31
Brandon Thatch,187,74,31
Mike Jackson,187,74,31
Karlos Vemola,182,75,31
Marcos Rogerio de Lima,185,75,31
Mehdi Baghdad,185,75,31
Dan Cramer,187,75,31
Logan Clark,187,75,31
Max Griffin,180,76,31
Nate Diaz,182,76,31
Gegard Mousasi,187,76,31
Chuck O'Neil,187,76,31
Gian Villante,190,76,31
Hyun Gyu Lim,190,77,31
Tim Johnson,190,77,31
Cezar Ferreira,185,78,31
Adam Cella,187,78,31
Marcin Tybura,190,78,31
Derrick Lewis,190,79,31
Todd Duffee,190,79,31
Darrill Schoonover,187,82,31
Louis Gaudinot,160,63,32
Issei Tamura,165,63,32
Joshua Sampo,162,64,32
Ian McCall,165,64,32
Anna Elmose,160,65,32
Felice Herrig,162,65,32
Joseph Benavidez,162,65,32
Dileno Lopes,165,65,32
Mitch Gagnon,165,65,32
John Dodson,160,66,32
John Moraga,167,66,32
Liz Carmouche,167,66,32
Nick Hein,167,66,32
Rani Yahya,167,67,32
Alexis Davis,167,68,32
Tyson Griffin,167,68,32
Thiago Tavares,170,68,32
Bryan Caraway,172,68,32
Nik Lentz,172,68,32
Damien Brown,177,68,32
Eddie Wineland,170,69,32
Edwin Figueroa,170,69,32
Hacran Dias,172,69,32
Ross Pearson,172,69,32
Eddie Alvarez,175,69,32
Noad Lahat,175,69,32
Walel Watson,180,69,32
Mike Easton,167,70,32
Rony Jason,170,70,32
Rafael Dos Anjos,172,70,32
Paul Kelly,175,70,32
Rashid Magomedov,175,70,32
Sam Stout,175,70,32
Shane Nelson,175,70,32
Edward Faaloloto,175,70,32
Jeremy Larsen,177,70,32
Paul Felder,180,70,32
Frank Lester,180,70,32
Alex Soto,172,71,32
Eric Wisely,172,71,32
Brian Foster,175,71,32
Germaine de Randamie,175,71,32
Rick Story,175,71,32
Darren Elkins,177,71,32
Dongi Yang,177,71,32
Edgar Garcia,177,71,32
Humberto Brown,177,71,32
Joe Lauzon,177,71,32
Tommy Speer,177,71,32
Polo Reyes,180,71,32
Sako Chivitchian,180,71,32
Sheldon Westcott,185,71,32
Anton Kuivanen,172,72,32
Jamie Varner,172,72,32
Phillipe Nover,175,72,32
Junie Browning,175,72,32
TJ Grant,177,72,32
Yoislandy Izquierdo,180,72,32
Richardson Moreira,187,72,32
John Cofer,175,73,32
Jimmy Wallhead,177,73,32
Jon Tuck,180,73,32
Keita Nakamura,180,73,32
Ricardo Abreu,180,73,32
Joe Merritt,182,73,32
Augusto Montano,185,73,32
James Head,185,73,32
Alan Belcher,187,73,32
Steve Lopez,180,73.5,32
Kenny Robertson,177,74,32
Jorge Masvidal,180,74,32
Nicolas Dalby,180,74,32
Sultan Aliev,180,74,32
Erick Silva,182,74,32
Kevin Souza,182,74,32
Cole Miller,185,74,32
Josh Stansbury,187,74,32
Alexander Yakovlev,190,74,32
Court McGee,180,75,32
Kajan Johnson,180,75,32
Viscardi Andrade,180,75,32
Shawn Jordan,182,75,32
Zak Cummings,182,75,32
Daniel Jolly,185,75,32
Carlos Condit,187,75,32
Jesse Forbes,187,75,32
Tim Means,187,75,32
Ryan Thomas,182,75.5,32
Caros Fodor,175,76,32
Eddie Mendez,177,76,32
Siyar Bahadurzada,180,76,32
Tony Ferguson,180,76,32
Jake Hecht,182,76,32
Thiago Santos,182,76,32
Nick Osipczak,187,76,32
Jake O'Brien,190,76,32
Quinn Mulhern,190,76,32
Daniel Spohn,193,76,32
Dave Herman,193,76,32
Jared Cannonier,180,77,32
Felipe Silva,182,77,32
Derek Brunson,185,77,32
Alberto Uda,190,77,32
Luke Rockhold,190,77,32
Junior Dos Santos,193,77,32
Rameau Thierry Sokoudjou,177,78,32
Anthony Johnson,187,78,32
Chris Weidman,187,78,32
Uriah Hall,182,79,32
Simeon Thoresen,185,79,32
Phil Davis,187,79,32
Vinny Magalhaes,190,79,32
Shane Primm,190,79,32
Ednaldo Oliveira,195,79,32
Goran Reljic,190,81,32
Phil Harris,162,64,33
Zach Makovsky,162,64,33
Bethe Correia,165,64,33
Angela Magana,154,65,33
Augusto Mendes,167,65,33
Ulysses Gomez,167,66,33
Jessica Penne,165,67,33
Lauren Murphy,170,67,33
Tim Gorman,165,68,33
Henry Martinez,170,68,33
Takeya Mizugaki,170,68,33
Valerie Letourneau,170,68,33
Melvin Guillard,175,68,33
Matt Wiman,177,68,33
Richie Vaculik,167,69,33
Leandro Issa,170,69,33
Reuben Duran,170,69,33
Byron Bloodworth,172,69,33
Shane Howell,172,69,33
John Maguire,175,69,33
Johny Hendricks,175,69,33
Rob Whiteford,175,69,33
Scott Holtzman,175,69,33
Nam Phan,167,70,33
Nick Denis,170,70,33
Abel Trujillo,172,70,33
Cub Swanson,172,70,33
Ernest Chavez,172,70,33
Tyler Toner,172,70,33
Ian Loveland,172,70,33
Joe Brammer,172,70,33
Bart Palaszewski,175,70,33
Benson Henderson,175,70,33
Roger Huerta,175,70,33
Thiago Alves,175,70,33
Justin Edwards,177,70,33
Hatsu Hioki,180,70,33
John Howard,170,71,33
Jim Miller,172,71,33
Maximo Blanco,172,71,33
Roland Delorme,175,71,33
Tae Hyun Bang,175,71,33
Akbarh Arreola,177,71,33
Gleison Tibau,177,71,33
Johnny Bedford,177,71,33
Steve Kennedy,180,71,33
Chris Liguori,175,71.9,33
Nate Mohr,175,72,33
Paul Bradley,175,72,33
Wendell Oliveira,177,72,33
John Cholish,180,72,33
Josh Neer,180,72,33
Danny Abbadi,180,72,33
Chris Cope,182,72,33
Ilir Latifi,177,73,33
Konstantin Erokhin,180,73,33
Yan Cabral,180,73,33
Justin Buchholz,182,73,33
Marcelo Guimaraes,182,73,33
Donald Cerrone,185,73,33
Pablo Garza,185,73,33
Jamie Yager,185,73,33
Jesse Taylor,185,73,33
Joe Vedepo,182,74,33
Leo Kuntz,177,74,33
Alan Patrick,180,74,33
Brandon Melendez,180,74,33
Pat Healy,182,74,33
Tom Lawlor,182,74,33
Mats Nilsson,185,74,33
Ryan LaFlare,185,74,33
Sean O'Connell,185,74,33
Rob Broughton,187,74,33
Ryan Bader,187,74,33
Jarjis Danho,190,74,33
Stephen Thompson,182,75,33
Ron Stallings,187,75,33
Bubba McDaniel,190,75,33
Mike King,190,75,33
James Hammortree,190,75.5,33
Paul Daley,175,76,33
Eddie Gordon,182,76,33
Nick Diaz,185,76,33
CB Dollaway,187,76,33
Tim Hague,193,76,33
Danillo Villefort,185,77,33
Ben Saunders,187,77,33
Tor Troeng,187,77,33
Mark Godbeer,193,77,33
Walt Harris,195,77,33
Colin Fletcher,187,78,33
Jan Blachowicz,187,78,33
Aaron Rosa,193,78,33
Brendan Schaub,193,78,33
Chase Gormley,190,79,33
Roger Narvaez,190,79,33
Shane del Rosario,193,79,33
Ovince Saint Preux,190,80,33
Vinicius Queiroz,200,80.5,33
Lisa Ellis,162,62,34
Jessica Aguilar,160,63,34
Ivan Menjivar,167,64,34
Juliana Lima,165,65,34
Jose Maria,165,65,34
Lina Lansberg,170,65,34
Reginaldo Vieira,170,65,34
Raphael Assuncao,165,66,34
Scott Jorgensen,165,66,34
Damacio Page,167,66,34
Vaughan Lee,167,66,34
Diego Saraiva,167,66,34
Leslie Smith,175,66,34
Diego Nunes,167,67,34
Hugo Viana,167,67,34
Roxanne Modafferi,167,67,34
Masanori Kanehara,170,67,34
Bentley Syler,162,68,34
Cat Zingano,167,68,34
Akira Corassani,172,68,34
Mark Hominick,172,68,34
Alvin Robinson,175,68,34
Roger Bowling,175,68,34
Tom Niinimaki,175,69,34
Alessandro Ricci,180,69,34
Fernando Bruno,167,70,34
Joe Stevenson,170,70,34
Justin Salas,172,70,34
Marcus LeVesseur,175,70,34
Chris Tickle,175,70,34
Hayder Hassan,177,70,34
Joe Riggs,182,70,34
Ken Stone,172,71,34
Rafaello Oliveira,172,71,34
Ricardo Lamas,172,71,34
Kyle Bradley,175,71,34
Jeremy Jackson,177,71,34
Abner Lloveras,180,71,34
Claudio Silva,180,71,34
Gasan Umalatov,180,71,34
Luiz Dutra,180,71,34
Rory Markham,182,71,34
Bristol Marunde,185,71,34
Brian Melancon,172,72,34
Jesse Lennox,175,72,34
Adriano Martins,177,72,34
Estevan Payan,177,72,34
Karo Parisyan,177,72,34
KJ Noons,177,72,34
Matt Arroyo,177,72,34
Vinc Pichel,177,72,34
Martin Kampmann,182,72,34
Sergio Moraes,182,72,34
Garreth McLellan,185,72,34
Edwin DeWees,185,72,34
Razak Al-Hassan,187,72,34
Daniel Sarafian,175,73,34
Gilbert Melendez,175,73,34
Stephen Bass,175,73,34
Vagner Rocha,177,73,34
Leonardo Augusto Leleco,182,73,34
Tom Watson,185,73,34
Mike Massenzio,187,73,34
Victor Valimaki,182,74,34
Tyron Woodley,175,74,34
Robbie Lawler,180,74,34
Dan Hardy,182,74,34
Daniel Omielanczuk,182,74,34
Tim McKenzie,182,74,34
Edilberto de Oliveira,182,74,34
Johnny Rees,182,74,34
Dmitrii Smoliakov,187,74,34
Eddie Sanchez,187,74,34
Thiago Silva,187,74,34
Paul Georgieff,187,74,34
Shamar Bailey,175,75,34
Ryan Couture,177,75,34
Pete Sell,180,75,34
Tom DeBlass,182,75,34
DaMarques Johnson,185,75,34
Josh Copeland,185,75,34
Xavier Foupa-Pokam,185,75,34
Jared Hamman,190,75,34
Rafael Natal,182,76,34
Che Mills,185,76,34
Tomasz Drwal,185,76,34
Jake Rosholt,185,76,34
Buddy Roberts,187,76,34
Chris Price,187,76,34
Kyle Kingsbury,193,76,34
Alberto Mina,182,77,34
Cain Velasquez,185,77,34
Ildemar Alcantara,187,78,34
Magnus Cedenblad,195,79,34
Kendall Grove,198,79,34
Travis Browne,198,79,34
Dmitri Stepanov,190,80,34
Stipe Miocic,193,80,34
Chris Cariaso,160,63,35
Ning Guangyou,162,64,35
Julie Kedzie,165,64,35
Bernardo Magalhaes,175,65,35
Emily Peters Kagan,160,66,35
Wagner Campos,167,66,35
Katsunori Kikuno,172,66,35
Naoyuki Kotani,172,66,35
Manvel Gamburyan,165,67,35
Michel Prazeres,167,67,35
Mizuto Hirota,170,67,35
Frankie Edgar,167,68,35
Josh Clopton,167,68,35
Chris Kelades,170,68,35
Francisco Rivera,172,68,35
Holly Holm,172,69,35
Yui Chul Nam,175,69,35
Jason Tan,177,69,35
Maiquel Falcao,180,69,35
Matt Veach,180,69,35
Clay Guida,170,70,35
Luigi Fioravanti,172,70,35
Matt Grice,172,70,35
Francisco Trevino,175,70,35
Rob Emerson,175,70,35
Carlos Eduardo Rocha,177,70,35
Evan Dunham,177,70,35
Jason High,172,71,35
Kiichi Kunimoto,177,71,35
Mike Rio,177,71,35
Shannon Gugerty,177,71,35
Stanislav Nedkov,180,71,35
Chad Reiner,180,71,35
Cole Escovedo,170,72,35
Luis Ramos,172,72,35
Junior Assuncao,175,72,35
Rodney Wallace,175,72,35
Charlie Brenneman,177,72,35
Diego Sanchez,177,72,35
John Polakowski,177,72,35
Steve Bruno,177,72,35
Carlo Prater,180,72,35
Steve Bosse,180,72,35
Jon Koppenhaver,180,72,35
Alessio Sakara,182,72,35
Jason Day,182,72,35
Nick Catone,182,72,35
George Roop,185,72,35
Yushin Okami,187,72,35
Patrick Williams,172,73,35
Rob Kimmons,177,73,35
Andre Winner,180,73,35
Paulo Thiago,180,73,35
Alan Jouban,182,73,35
Carmelo Marrero,182,73,35
George Sullivan,182,73,35
Riki Fukuda,182,73,35
Ryan Jimmo,185,73,35
Yaotzin Meza,175,74,35
Tim Boetsch,182,74,35
Maciej Jewtuszko,182,74,35
Dan Miller,185,74,35
Nick Thompson,185,74,35
Nordine Taleb,185,74,35
Mike Whitehead,185,74,35
Luke Zachrich,187,74,35
Nissen Osterneck,187,74,35
Cody Donovan,190,74,35
Seth Baczynski,190,74,35
Mark Bocek,172,75,35
Gilbert Smith,175,75,35
Benny Alloway,180,75,35
Keith Wisniewski,182,75,35
Matt Brown,182,75,35
Josh Rafferty,182,75,35
Joey Beltran,185,75,35
James Te Huna,187,75,35
Steve Steinbeiss,190,75,35
Trevor Smith,190,75,35
Miguel Torres,175,76,35
Sammy Morgan,177,76,35
Georges St-Pierre,180,76,35
Kris McCray,182,76,35
Mauricio Rua,185,76,35
Dong Hyun Kim,187,76,35
Shamil Abdurakhimov,190,76,35
Jay Silva,187,77,35
Kevin Casey,180,77,35
Clifford Starks,182,77,35
Luiz Cane,187,77,35
Antonio Mendes,190,77,35
Rolando Delgado,190,77,35
Thales Leites,185,78,35
Brian Houston,187,78,35
Francis Carmont,190,78,35
Robert Drysdale,190,78,35
Ben Rothwell,193,78,35
Dave Branch,185,79,35
Roger Gracie,193,79,35
Jack May,203,82,35
Heather Jo Clark,167,64,36
Iliarde Santos,165,66,36
Frankie Saenz,167,66,36
Sara McMann,167,66,36
Shayna Baszler,170,67,36
Luke Caudillo,170,67,36
Waylon Lowe,170,67,36
Doug Evans,175,67,36
Brian Geraghty,170,69,36
Aaron Riley,172,69,36
Henry Briones,172,69,36
Brian Bowles,170,70,36
Mac Danzig,172,70,36
Mike Pierce,172,70,36
Troy Mandaloniz,175,70,36
Mark Scanlon,175,70.5,36
Rodrigo Damm,170,71,36
Jorge de Oliveira,172,71,36
Rousimar Palhares,172,71,36
Terry Martin,172,71,36
Anthony Lapsley,175,71,36
Iuri Alcantara,175,71,36
Jacob Volkmann,175,71,36
Dan Barrera,175,71,36
Donny Walker,175,71,36
Charles McCarthy,177,71,36
Jason Dent,177,71,36
Patrick Cote,180,71,36
Dan Stittgen,185,71,36
Ross Pointon,172,71.5,36
Josh Bryant,177,71.5,36
Per Eklund,177,72,36
Mackens Semerzier,175,72,36
Joshua Burkman,177,72,36
Garett Whiteley,182,72,36
Jon Madsen,182,72,36
Jesse Bongfeldt,182,72,36
Jason Miller,185,72,36
Brodie Farber,185,72,36
Rob Yundt,185,72,36
Derek Downey,185,72.5,36
Ivan Jorge,175,73,36
Bojan Mihajlovic,180,73,36
Charlie Ward,180,73,36
Brian Ebersole,182,73,36
Rafael Feijao,185,73,36
Nate Loughran,187,73.5,36
Brian Cobb,180,73.9,36
Amir Sadollah,177,74,36
Daniel Roberts,177,74,36
Kevin Burns,177,74,36
Chris Leben,180,74,36
Luke Cummo,182,74,36
Denis Stojnic,182,74,36
Brian Stann,185,74,36
Clay Harvison,185,74,36
Jorge Santiago,185,74,36
Justin Levens,180,74.5,36
Jesse Sanders,182,75,36
Claude Patrick,180,75,36
Leonardo Santos,182,75,36
Anthony Njokuani,185,75,36
Fabio Maldonado,185,75,36
Francimar Barroso,185,75,36
Oli Thompson,185,75,36
Damian Grabowski,185,75,36
Ricardo Funch,177,76,36
Kyle Noke,185,76,36
Patrick Cummins,187,76,36
Josh Shockman,193,76,36
Anthony Hamilton,195,76,36
Ed Herman,185,77,36
Igor Araujo,185,77,36
Eliot Marshall,187,77,36
James McSweeney,193,77,36
Mike Kyle,193,77,36
Nick Penner,193,77,36
Icho Larenas,190,78,36
Jimi Manuwa,185,79,36
Sam Hoger,187,79.5,36
Alistair Overeem,193,80,36
Christian Colombo,195,80,36
Antonio Banuelos,165,63,37
Neil Seery,162,64,37
Darren Uyenoyama,167,64,37
Fredy Serrano,160,65,37
Fredson Paixao,167,66,37
Urijah Faber,167,67,37
Guido Cannetti,167,68,37
Yves Jabouin,170,68,37
Antonio Carvalho,175,68,37
David Kaplan,170,69,37
Eddie Yagin,170,69,37
John Gunderson,175,69,37
Ansar Chalangov,175,69,37
Dale Hartt,177,69,37
Leonard Garcia,177,69,37
Dennis Siver,167,70,37
Kurt Pellegrino,172,70,37
Mike Lullo,172,70,37
Nick Agallar,172,70,37
Gray Maynard,175,70,37
Marcos Vinicius,175,70,37
Gerald Strebendt,175,70,37
Drew Fickett,177,70,37
Kazuhiro Nakamura,180,70,37
Scott Smith,182,70,37
Peggy Morgan,185,70,37
Benji Radach,177,70.5,37
Danny Castillo,175,71,37
Ron Faircloth,175,71,37
David Bielkheden,177,71,37
Jerrod Sanders,172,72,37
John Alessio,177,72,37
Shane Roller,177,72,37
Daniel Cormier,180,72,37
Jake Shields,182,72,37
Paul Taylor,182,72,37
Jacare Souza,185,72,37
Alexandre Ferreira,170,73,37
Richard Crunkilton,170,73,37
Costas Philippou,180,73,37
Jonathan Goulet,182,73,37
Kyle Watson,182,73,37
Dylan Andrews,185,73,37
Steve Byrnes,182,74,37
Pat Barry,180,74,37
Tim Kennedy,180,74,37
Nate Marquardt,182,74,37
Nick Ring,182,74,37
Mike Ciesnolevicz,182,74,37
Brad Morris,187,74,37
Mario Miranda,190,74,37
Bobby Voelker,182,75,37
Jason Novelli,182,75,37
Rashad Evans,182,75,37
Michael Bisping,185,75,37
Phillip Miller,180,75.5,37
David Loiseau,182,76,37
David Mitchell,182,76,37
Igor Pokrajac,182,76,37
Seth Petruzelli,182,76,37
Gabriel Gonzaga,187,76,37
Glover Teixeira,187,76,37
Tom Blackledge,182,77,37
Gerald Harris,180,77,37
Mike Swick,185,77,37
Vitor Miranda,185,77,37
Alexandre Dantas,187,77,37
Andrei Arlovski,190,77,37
Forrest Griffin,190,77,37
Frank Mir,190,79,37
Chris de la Rocha,190,80,37
Antonio Silva,193,80,37
Wes Sims,208,82,37
Alex Chambers,160,63,38
Ryan Roberts,167,65,38
Brad Pickett,167,68,38
Jeff Hougland,170,68,38
Isaac Vallie-Flagg,172,68,38
Tatsuya Kawajiri,170,69,38
Derrick Noble,175,69,38
Nathan Coy,177,69,38
Takanori Gomi,170,70,38
BJ Penn,172,70,38
Tiequan Zhang,172,70,38
Anthony Torres,172,70,38
Francisco Trinaldo,175,70,38
Genki Sudo,175,70,38
Nick Serra,175,70,38
Duane Ludwig,177,70,38
Billy Miles,177,70,38
Roger Hollett,180,70,38
Johnny Eduardo,170,71,38
Hector Lombard,175,71,38
Josh Thomson,177,71,38
Roman Mitichyan,177,71.5,38
Neil Wain,177,72,38
Reza Madadi,180,72,38
Dave Galera,180,72,38
Drew McFedries,182,72,38
Mark Munoz,182,72,38
Milton Vieira,182,72,38
Fabricio Camoes,177,73,38
Steve Vigneault,177,73,38
Chad Griggs,185,73,38
CM Punk,185,73,38
Rampage Jackson,185,73,38
Justin Eilers,185,73,38
Scott Junk,185,73,38
James Giboo,180,73.5,38
Papy Abedi,180,74,38
Roan Carneiro,180,74,38
Daiju Takase,182,74,38
Lyoto Machida,185,74,38
Travis Wiuff,190,74,38
James Wilks,185,75,38
David Terrell,185,75,38
Matt Horwich,185,75,38
James Irvin,187,75,38
Ruan Potts,187,75,38
Jon Fitch,182,76,38
Ricardo Romero,182,76,38
Wilson Gouveia,185,76,38
Joachim Christensen,190,76,38
Wesley Correira,190,76,38
Jonathan Wiezorek,190,77,38
Marcio Cruz,193,77.5,38
Rolles Gracie,193,77.5,38
Joe Jordan,167,78,38
Rob MacDonald,190,78,38
Heath Herring,193,78,38
Matt Mitrione,190,79,38
Corey Hill,193,80,38
Rosi Sexton,160,63,39
Andy Wang,167,64,39
Norifumi Yamamoto,162,66,39
Alex Karalexis,172,66,39
Kelly Dullanty,172,66,39
Joe Veres,170,67.5,39
Koji Oishi,172,67.5,39
Marion Reneau,167,68,39
Jessica Rakoczy,170,68,39
Jeff Curran,167,69,39
Javier Vazquez,170,69,39
Jorge Gurgel,170,69,39
Josh Haynes,175,70,39
Gabe Ruediger,177,70,39
Daniel Kelly,182,70,39
George Sotiropoulos,177,71,39
Rodrigo Ruas,177,71,39
Romie Aram,177,71,39
Sean Salmon,177,71,39
Brock Larson,180,71,39
Mike Wessel,182,71,39
Jared Rollins,175,71.5,39
Cristiano Marcello,175,72,39
Rich Attonito,177,72,39
Tiki Ghosn,177,72,39
Delson Heleno,180,72,39
Kit Cope,182,72,39
Demian Maia,185,72,39
Brad Blackburn,177,73,39
Josh Koscheck,177,73,39
Vik Grujic,180,73,39
Yoel Romero,182,73,39
Jules Bruchez,182,73,39
Gilbert Aldana,185,73.5,39
Ryan Madigan,182,74,39
Vitor Belfort,182,74,39
Chael Sonnen,185,74,39
Joe Slick,182,74.5,39
Travis Fulton,182,74.5,39
Joe Doerksen,182,75,39
Andrei Semenov,182,75,39
Chris Wilson,185,75,39
Eric Schafer,190,75,39
Tim Credeur,190,75,39
Ricco Rodriguez,193,75,39
Alex Stiebling,187,76,39
Andre Gusmao,182,76,39
Ryan Jensen,185,76,39
James Zikic,187,76,39
Brandon Vera,190,76,39
Lee Murray,190,76,39
Denis Kang,180,77,39
Krzysztof Soszynski,185,77,39
Fabricio Werdum,193,77,39
CJ Fernandes,187,78,39
Josh Barnett,190,78,39
Dorian Price,190,78,39
Stephan Bonnar,193,78,39
Joey Roberts,187,80,39
Aleksei Oleinik,187,80,39
Brock Lesnar,190,81,39
Soa Palelei,193,81,39
Lavar Johnson,193,82,39
Brad Imes,200,82,39
Alberto Crane,165,63,40
Yasuhiro Urushitani,165,66,40
Eiji Mitsuoka,170,67.5,40
Jordan Radev,170,67.5,40
Leigh Remedios,170,67.5,40
Alberto Crane,165,69,40
Spencer Fisher,170,70,40
Ryo Chonan,175,70,40
Chris Clements,177,70,40
Kuniyoshi Hironaka,177,70,40
Amar Suloev,175,71.5,40
Carlos Newton,175,71.5,40
Din Thomas,175,71.5,40
Ikuhisa Minowa,175,71.5,40
Justin James,177,71.5,40
Phil Baroni,175,72,40
Rich Clementi,175,72,40
David Heath,180,72,40
Roy Nelson,182,72,40
Yves Edwards,175,73,40
Justin McCully,185,73,40
Mike Russow,185,73,40
Joey Gilbert,180,73.5,40
Todd Brown,180,73.5,40
Flavio Luiz Moura,180,73.8,40
Alexandre Barros,175,74,40
Kenny Florian,177,74,40
Wanderlei Silva,180,74,40
Ricardo Almeida,182,74,40
Floyd Sword,182,74,40
Hector Ramirez,182,74,40
Kenichi Yamamoto,182,74,40
Jay Hieron,182,75,40
Dean Lister,185,75,40
Rogerio Nogueira,187,75,40
Sean Pierson,182,76,40
Matt Hamill,185,76,40
Josh Hendricks,187,76,40
Gilbert Yvel,187,77,40
Rory Singer,187,77,40
Minotauro Nogueira,190,77,40
Yuki Sasaki,187,78,40
Antoni Hardonk,193,78,40
Tim Sylvia,203,80,40
Sean McCorkle,200,81,40
Gan McGee,208,82,40
Alex Schoenauer,190,78,40
Hayato Sakurai,170,67.5,41
Ronys Torres,170,67.5,41
Paul Rodriguez,170,67.5,41
Michihiro Omigawa,167,68,41
Samy Schiavo,172,68.5,41
Mike Brown,167,70,41
Caol Uno,170,70,41
Forrest Petz,175,71,41
Jason Brilz,180,71,41
Brandon Wolff,175,71.5,41
Masutatsu Yano,175,71.5,41
Dennis Hallman,175,72,41
Yoshihiro Akiyama,177,73,41
Yuki Kondo,180,73.5,41
Michael Patt,182,74,41
Mike Pyle,182,74,41
Crafton Wallace,182,74,41
Jason Von Flue,182,74,41
Jeff Joslin,182,74,41
Julio Paulino,182,74,41
Sean Daugherty,182,74,41
Jeremy Horn,185,74,41
Kalib Starnes,190,74,41
Tito Ortiz,190,74,41
David Roberts,185,74.5,41
Renato Sobral,185,75,41
Jason Lambert,190,75,41
Chris Tuchscherer,187,76,41
Keith Jardine,187,76,41
Nandor Guelmino,190,76,41
Anderson Silva,187,77,41
Christian Wellisch,187,77,41
Pete Williams,190,78,41
Wade Shipp,190,78,41
Jon Olav Einemo,198,79,41
Shane Carwin,187,80,41
Jason MacDonald,190,80,41
Cheick Kongo,193,82,41
Jason Thacker,177,71.5,41
Charlie Valencia,160,64,42
Andy Anderson,167,66.5,42
Mikey Burnett,167,66.5,42
Matt Serra,167,68,42
Akihiro Gono,170,68,42
Chris Lytle,180,68,42
Allen Berube,172,68.5,42
Richie Hightower,172,68.5,42
Zach Light,172,68.5,42
Jens Pulver,170,70,42
Yoshiyuki Yoshida,180,70,42
Tony DeSouza,182,70,42
Hermes Franca,167,71,42
Assuerio Silva,177,71.5,42
Dave Menne,177,71.5,42
Falaniko Vitale,177,71.5,42
Jess Liaudin,175,72,42
Mark Hunt,177,72,42
Mario Neto,182,73,42
Aaron Simpson,182,73,42
Mirko Cro Cop,187,73,42
Alex Andrade,180,73.5,42
Jerry Bohlander,180,73.5,42
John Kolosci,180,73.5,42
Chris Condo,182,74,42
Scott Adams,182,74,42
Mike Guymon,182,74,42
Matt Lucas,185,74.5,42
Dante Rivera,185,74.5,42
Kristof Midoux,185,74.5,42
Pedro Rizzo,185,74.5,42
Rich Franklin,185,75,42
Cory Walmsley,182,75.25,42
Paul Buentello,187,77,42
Kevin Ferguson,187,78,42
Tom Murphy,187,78,42
Aaron Brink,190,78,42
Dan Evensen,190,78,42
Bob Gilstrap,190,79,42
David Baron,167,66.5,43
Sean Sherk,167,67,43
Marcelo Mello,170,67.5,43
Jermaine Andre,170,67.5,43
Jorge Patino,172,68.5,43
Marcus Davis,177,70,43
Rudyard Moncayo,177,71.5,43
Geza Kalman,177,71.5,43
Lodune Sincaid,175,71.5,43
Mark Hughes,175,71.5,43
Gideon Ray,177,71.5,43
Matt Hughes,175,73,43
James Lee,180,73.5,43
Laverne Clark,180,73.5,43
Steve Berger,180,73.5,43
Marcus Aurelio,177,74,43
Reese Andy,182,74,43
David Dodd,187,74,43
Jason Fairn,185,74.5,43
Curtis Stout,185,74.5,43
Renato Verissimo,185,74.5,43
Nate Schroeder,182,74.6,43
Ivan Serati,185,75,43
Travis Lutter,180,75,43
Mostapha Al-Turk,187,77,43
Lucio Linhares,187,78,43
Branden Lee Hinkle,190,78,43
Wes Combs,187,79,43
Rafael Carino,203,79,43
Cyrille Diabate,198,81,43
Marcus Jones,198,81,43
Semmy Schilt,208,82,43
Dokonjonosuke Mishima,170,67.5,44
Kamal Shalorus,172,68,44
Jason Black,172,68.5,44
Jason Gilliam,182,69,44
Cung Le,175,69,44
Frank Trigg,175,71,44
John Halverson,175,71.5,44
Frank Shamrock,177,71.5,44
Shonie Carter,177,71.5,44
Tyrone Roberts,175,71.8,44
Houston Alexander,182,72,44
Jorge Rivera,185,73,44
Keiichiro Yamamiya,180,73.5,44
Solomon Hutcherson,180,73.5,44
Nate Quarry,182,74,44
Katsuhisa Fujii,182,74,44
Kristian Rothaermel,182,74,44
Brian Gassaway,185,74.5,44
Trevor Prangley,185,75,44
Anthony Perosh,190,75,44
Fabiano Scherner,190,78,44
Dan Christison,203,82,44
Joao Roque,167,66.5,45
Chris Brennan,172,68.5,45
Pete Spratt,175,71.5,45
Sanae Kikuta,175,71.5,45
Homer Moore,177,71.5,45
Kevin Randleman,177,71.5,45
Adriano Santos,175,71.6,45
Amaury Bitetti,175,71.7,45
Marvin Eastman,175,73,45
Jeff Monson,175,74,45
Evan Tanner,182,74,45
Vladimir Matyushenko,182,74,45
Allan Goes,182,74,45
Ivan Salaverry,182,74,45
Sean Alvarez,182,74,45
Tony Fryklund,182,74,45
Vernon White,182,74,45
Joao Pierini,185,74.5,45
Sean Gannon,190,77,45
Matt Andersen,187,78,45
Mike Nickels,193,78,45
Kerry Schall,187,79,45
Elvis Sinosic,190,79,45
Neil Grove,198,82,45
Alfonso Alcarez,160,63,46
Joe Son,162,64,46
Paul Creighton,167,66.5,46
Frank Caracci,170,67.5,46
Antonio McKee,172,68.5,46
Fabiano Iha,172,68.5,46
Todd Medina,177,71.5,46
Jutaro Nakao,175,71.6,46
John Campetella,175,71.7,46
Lance Gibson,175,71.7,46
Rick Davis,175,71.8,46
Ronald Jhun,180,73.5,46
Tsuyoshi Kohsaka,180,73.5,46
Fabio Gurgel,182,74,46
Mark Robinson,182,74,46
Dan Henderson,180,74,46
Matt Lindland,182,74,46
John Marsh,182,74,46
Dan Bobish,187,75,46
Noe Hernandez,187,75.5,46
Brian Johnston,190,76,46
Kevin Jordan,190,76,46
Jason Reinhardt,167,66.5,47
Dave Strasser,177,71.5,47
Anthony Macias,175,71.8,47
Joel Sutton,180,73.6,47
Chris Haseman,180,73.6,47
Jason DeLucia,180,73.6,47
Yoshiki Takahashi,180,73.7,47
Ebenezer Fontes Braga,182,74,47
Kazushi Sakuraba,182,74,47
Melton Bowen,182,74,47
Teila Tuli,182,74,47
Jim Mullen,185,74.5,47
Tedd Williams,185,74.5,47
Chuck Liddell,187,79,47
Bobby Southworth,187,80,47
Remco Pardoel,190,81,47
Jon Hess,200,82,47
Paul Varelans,203,82,47
Phil Johns,157,64,48
Wallid Ismail,170,67.5,48
Jeff Cox,177,71.5,48
Pat Miletich,177,71.5,48
James Toney,175,71.7,48
Chris Sanford,180,73.7,48
John Lober,180,73.8,48
John Lewis,182,74,48
Hugo Duarte,182,74,48
Guy Mezger,185,74.5,48
Satoshi Honma,185,74.5,48
Trent Jenkins,187,75,48
Dave Beneteau,187,77,48
Roberto Traven,190,77,48
Kimo Leopoldo,190,79,48
Colin Robinson,193,79,48
Harry Moskowitz,195,79,48
Bobby Hoffman,187,80,48
Mark Kerr,190,80,48
Carlos Barreto,193,82,48
Townsend Saunders,165,66,49
Eddie Ruiz,170,67.5,49
Andre Pederneiras,172,68.5,49
Enson Inoue,177,71.5,49
Renzo Gracie,177,71.5,49
Yoji Anjo,180,73.6,49
Oleg Taktarov,182,74,49
Igor Zinoviev,185,74.5,49
Marcus Bossett,185,74.5,49
Sherman Pendergarst,185,74.5,49
Mark Weir,187,77,49
Bill Mahood,190,79,49
Scott Fiedler,193,83,49
Eugene Jackson,172,68.5,50
Jeff Newton,187,73,50
Ian Freeman,180,73.6,50
Tony Petarra,182,73.7,50
Sione Latu,182,74,50
Royce Gracie,185,74.5,50
John Matua,187,75,50
Gary Goodridge,190,76,50
Murilo Bustamante,187,77,50
David Levicki,195,79.5,50
Zane Frazier,195,80,50
Eugenio Tadeu,172,68.5,51
Kevin Jackson,177,71.5,51
Royce Alger,177,71.5,51
Gil Castillo,175,71.8,51
Scott Ferrozzo,180,73.7,51
David Abbott,182,74,51
Keith Rockel,182,74,51
Rainy Martinez,182,74,51
Steve Nelmark,182,74,51
Bas Rutten,185,74.5,51
Don Frye,185,74.5,51
Tim Lajcik,185,74.5,51
Todd Butler,185,74.6,51
Moti Horenstein,193,76,51
Tra Telligman,187,76,51
Andre Roberts,187,77,51
Mike van Arsdale,187,77,51
Ron Waterman,187,78,51
Scott Bessac,193,79,51
Sam Adkins,190,79,51
Darrel Gholar,172,68.5,52
Brad Kohler,175,71.8,52
Ken Shamrock,185,72,52
Eldo Xavier Dias,180,73.7,52
Felix Lee Mitchell,180,73.8,52
Mark Coleman,185,75,52
Jason Godsey,187,79,52
Greg Stott,170,67.5,53
Adrian Serrano,172,68.5,53
Paul Jones,175,71.6,53
Nick Sanzo,175,71.9,53
Cal Worsham,180,73.7,53
Art Jimmerson,185,74.5,53
Randy Couture,185,75,53
Yuri Vaulin,193,79,53
Patrick Smith,187,79,53
Tony Halme,190,80,53
Koji Kitao,200,82,53
Christophe Leninger,182,74,54
Scott Baker,182,74,54
Tai Bowden,180,73.8,55
Joe Moreira,180,73.9,55
Mark Hall,182,74,55
Maurice Smith,187,74,55
Marco Ruas,185,74.5,55
Kevin Rosier,193,83,55
Dieusel Berto,175,71.9,56
Mark Schultz,175,71.9,56
Larry Cureton,187,79,56
Emmanuel Yarborough,203,84,56
Houston Dorr,185,74.5,57
Joe Charles,185,74.5,57
Gerard Gordeau,195,76,57
Keith Hackney,180,73.6,58
Harold Howard,187,78,58
Dan Severn,187,78,58
Gerry Harris,203,81,59
Fred Ettish,182,74,61
Thomas Ramirez,185,74.6,61
Ron van Clief,177,71.5,73
Saparbeg Safarov,185,78,30
Ashley Yoder,170,69,29
Brian Camozzi,187,78,25
Gerald Meerschaert,185,77,29
Shane Burgos,180,75,25
Ryan Janes,190,76,35
JJ Aldrich,165,67,24
